{
    "Overall Metrics": {
        "mAP50-95": 0.19459544896537476,
        "mAP50": 0.3889115858394133,
        "mAP75": 0.1896688168336445,
        "Precision": 0.743840294014763,
        "Recall": 0.338758285794965
    },
    "Per-class Metrics": {
        "0": {
            "Precision": 0.3728653270740873,
            "mAP50": 0.17294817491834014,
            "Recall": 0.338758285794965
        },
        "1": {
            "Precision": 0.8472012578616354,
            "mAP50": 0.4666616332193373,
            "Recall": 0.338758285794965
        },
        "2": {
            "Precision": 0.3195626575079421,
            "mAP50": 0.11708858981326187,
            "Recall": 0.338758285794965
        },
        "3": {
            "Precision": 0.3969410913443516,
            "mAP50": 0.18078209117183355,
            "Recall": 0.338758285794965
        },
        "4": {
            "Precision": 0.3929879796797606,
            "mAP50": 0.21223348169191464,
            "Recall": 0.338758285794965
        },
        "5": {
            "Precision": 0.3121564041515584,
            "mAP50": 0.16705037603502476,
            "Recall": 0.338758285794965
        },
        "6": {
            "Precision": 0.08066638325655781,
            "mAP50": 0.04540379590791112,
            "Recall": 0.338758285794965
        }
    }
}