{
    "Overall Metrics": {
        "mAP50-95": 0.18983810704390816,
        "mAP50": 0.3930407632303023,
        "mAP75": 0.1354506040162929,
        "Precision": 0.7043673289625928,
        "Recall": 0.3424749120122987
    },
    "Per-class Metrics": {
        "0": {
            "Precision": 0.3852950137791173,
            "mAP50": 0.1892573548381857,
            "Recall": 0.3424749120122987
        },
        "1": {
            "Precision": 0.7937857202665037,
            "mAP50": 0.37890109375678327,
            "Recall": 0.3424749120122987
        },
        "2": {
            "Precision": 0.3077683637052084,
            "mAP50": 0.1375110361943311,
            "Recall": 0.3424749120122987
        },
        "3": {
            "Precision": 0.46698043417178936,
            "mAP50": 0.20039918103483184,
            "Recall": 0.3424749120122987
        },
        "4": {
            "Precision": 0.4038776684791275,
            "mAP50": 0.2025668496363937,
            "Recall": 0.3424749120122987
        },
        "5": {
            "Precision": 0.3128075291869383,
            "mAP50": 0.17085382899524743,
            "Recall": 0.3424749120122987
        },
        "6": {
            "Precision": 0.08077061302343172,
            "mAP50": 0.049377404851584206,
            "Recall": 0.3424749120122987
        }
    }
}