{
    "Overall Metrics": {
        "mAP50-95": 0.18932668420406515,
        "mAP50": 0.37704980757990914,
        "mAP75": 0.16278544318106314,
        "Precision": 0.612436199028789,
        "Recall": 0.34924925988168287
    },
    "Per-class Metrics": {
        "0": {
            "Precision": 0.36652813859422817,
            "mAP50": 0.1721308271303788,
            "Recall": 0.34924925988168287
        },
        "1": {
            "Precision": 0.6931918238993712,
            "mAP50": 0.3900898191847592,
            "Recall": 0.34924925988168287
        },
        "2": {
            "Precision": 0.3447879007135063,
            "mAP50": 0.14694070101978132,
            "Recall": 0.34924925988168287
        },
        "3": {
            "Precision": 0.45201795868764344,
            "mAP50": 0.20308988624042926,
            "Recall": 0.34924925988168287
        },
        "4": {
            "Precision": 0.40500362992427646,
            "mAP50": 0.21148195963123456,
            "Recall": 0.34924925988168287
        },
        "5": {
            "Precision": 0.29974628641254913,
            "mAP50": 0.163428522274935,
            "Recall": 0.34924925988168287
        },
        "6": {
            "Precision": 0.07807291482778952,
            "mAP50": 0.038125073946938225,
            "Recall": 0.34924925988168287
        }
    }
}